RMSE,MAPE,R2
10.871975261117596,3.2336320228039366,0.6818192790045672
