RMSE,MAPE,R2
18.433688853669977,5.370992633631517,-0.00699517410931394
